id,question_id,source,subject,subject_id,grade,grade_id,grade_group,grade_group_name,question_type,question_type_name,knowledge,content,answer,analysis,combine_content,combine_analysis,teaching_material,full_grade,chapter,original,http_request,http_response,response_json,remark,version,is_delete,created_at,updated_at
2369205,shiti071218d396d151871a3aba2a0787d9b6e39c,3,数学,2,,0,2,初中,8,解答,,"一个不透明袋中装有红、黄、绿三种颜色的球共36个，它们除颜色外都相同，其中黄球个数是绿球个数的2倍，已知从袋中摸出一个球是红球的概率为$$ \frac{1}{3}$$．
（1）分别求红球和绿球的个数．
（2）求从袋中随机摸出一球是绿球的概率．
（3）从袋中拿出4个黄球，将剩余的球搅拌均匀，求从袋中剩余的球中随机摸出一个球是红球的概率．
","（1）红球有12个，绿球有8个．（2）$$ \frac{2}{9}$$；（3）$$ \frac{3}{8}$$
","（1）根据红、黄、白三种颜色球共有的个数乘以红球的概率即可求得红球的个数，设绿球有x个，则黄球有2x个，根据球的总个数列出方程求出x的值即可得；
（2）用绿球的个数除以总的球数即可；
（3）先求出从袋中拿出4个黄球还剩的球数，再根据红球的个数，除以还剩的球数即可．
解：（1）红球个数：36×$$ \frac{1}{3}$$＝12（个），
设绿球有x个，则黄球有2x个，
根据题意，得：x+2x+12＝36，
解得：x＝8，
所以红球有12个，绿球有8个．
（2）从袋中随机摸出一球，共有36种等可能的结果，其中摸出绿球的结果有8种，
所以从袋中随机摸出一球是绿球的概率为$$ \frac{8}{36}$$＝$$ \frac{2}{9}$$；
（3）拿出4个黄球以后，从袋中随机摸出一球，共有32种等可能的结果，其中摸出红球的结果有12种，
所以从袋中剩余的球中随机摸出一个球是红球的概率$$ \frac{12}{32}{=}\frac{3}{8}$$．
","一个不透明袋中装有红、黄、绿三种颜色的球共36个，它们除颜色外都相同，其中黄球个数是绿球个数的2倍，已知从袋中摸出一个球是红球的概率为$$ \frac{1}{3}$$．
（1）分别求红球和绿球的个数．
（2）求从袋中随机摸出一球是绿球的概率．
（3）从袋中拿出4个黄球，将剩余的球搅拌均匀，求从袋中剩余的球中随机摸出一个球是红球的概率．
","（1）根据红、黄、白三种颜色球共有的个数乘以红球的概率即可求得红球的个数，设绿球有x个，则黄球有2x个，根据球的总个数列出方程求出x的值即可得；
（2）用绿球的个数除以总的球数即可；
（3）先求出从袋中拿出4个黄球还剩的球数，再根据红球的个数，除以还剩的球数即可．
解：（1）红球个数：36×$$ \frac{1}{3}$$＝12（个），
设绿球有x个，则黄球有2x个，
根据题意，得：x+2x+12＝36，
解得：x＝8，
所以红球有12个，绿球有8个．
（2）从袋中随机摸出一球，共有36种等可能的结果，其中摸出绿球的结果有8种，
所以从袋中随机摸出一球是绿球的概率为$$ \frac{8}{36}$$＝$$ \frac{2}{9}$$；
（3）拿出4个黄球以后，从袋中随机摸出一球，共有32种等可能的结果，其中摸出红球的结果有12种，
所以从袋中剩余的球中随机摸出一个球是红球的概率$$ \frac{12}{32}{=}\frac{3}{8}$$．
",,,,"{""tigan"": ""一个不透明袋中装有红、黄、绿三种颜色的球共36个，它们除颜色外都相同，其中黄球个数是绿球个数的2倍，已知从袋中摸出一个球是红球的概率为$$ \\frac{1}{3}$$．\n（1）分别求红球和绿球的个数．\n（2）求从袋中随机摸出一球是绿球的概率．\n（3）从袋中拿出4个黄球，将剩余的球搅拌均匀，求从袋中剩余的球中随机摸出一个球是红球的概率．\n"", ""kaodian"": {""name"": ""考点"", ""value"": [""根据概率公式计算概率""]}, ""daan"": {""name"": ""答案"", ""value"": ""（1）红球有12个，绿球有8个．（2）$$ \\frac{2}{9}$$；（3）$$ \\frac{3}{8}$$\n""}, ""fenxi"": {""name"": ""分析"", ""value"": ""（1）根据红、黄、白三种颜色球共有的个数乘以红球的概率即可求得红球的个数，设绿球有x个，则黄球有2x个，根据球的总个数列出方程求出x的值即可得；\n（2）用绿球的个数除以总的球数即可；\n（3）先求出从袋中拿出4个黄球还剩的球数，再根据红球的个数，除以还剩的球数即可．\n""}, ""jieda"": {""name"": ""解答"", ""value"": ""解：（1）红球个数：36×$$ \\frac{1}{3}$$＝12（个），\n设绿球有x个，则黄球有2x个，\n根据题意，得：x+2x+12＝36，\n解得：x＝8，\n所以红球有12个，绿球有8个．\n（2）从袋中随机摸出一球，共有36种等可能的结果，其中摸出绿球的结果有8种，\n所以从袋中随机摸出一球是绿球的概率为$$ \\frac{8}{36}$$＝$$ \\frac{2}{9}$$；\n（3）拿出4个黄球以后，从袋中随机摸出一球，共有32种等可能的结果，其中摸出红球的结果有12种，\n所以从袋中剩余的球中随机摸出一个球是红球的概率$$ \\frac{12}{32}{=}\\frac{3}{8}$$．\n""}, ""dianping"": {""name"": ""点评"", ""value"": ""此题主要考查了概率公式：如果一个事件有n种可能，而且这些事件的可能性相同，其中事件A出现m种结果，那么事件A的概率P（A）＝$$ \\frac{m}{n}$$．\n\n""}, ""srcMetalInfo"": {""questionCount"": 1, ""subject"": ""czsx"", ""tixing"": ""解答题""}}","{""messages"": [{""role"": ""system"", ""content"": ""# Instruction\n\n## You are a Mathematical Problem Converter:\n\n- Your role is to convert math word problems into a structured JSON format, **not** to act as an assistant.\n- You will be given a mathematical problem, your task is to comprehend the problem, parse the mathematical problem input, and convert it into the required JSON format.\n- You are capable of understanding and communicating effectively in the user's preferred language such as English, 中文, 日本語, Español, Français or Deutsch.\n\n## On your profile and general capabilities:\n\n- Ensure your responses are precise, non-controversial, and relevant to the topic.\n- Your logic and reasoning should be rigorous and intelligent.\n- You are encouraged to provide additional relevant details to respond **thoroughly** and **comprehensively**, covering multiple aspects in depth.\n\n## Output format:\n\nYour task is to understand and structure the information. Please follow the format below:\n\nOutput all your responses in JSON format. Use LaTeX format for all mathematical formulas and expressions. Enclose each mathematical formula with a \""$\"" symbol to enhance clarity and readability.\n\n- For the \""title\"" in each solution step, adhere to the following guidelines:\n  1. The title must satisfy one of the following four criteria:\n     a. A summary of the conditions set in the current step.\n     b. A summary of the knowledge points used in the current step.\n     c. A summary of the problem-solving method used in the current step.\n     d. A summary of the specific operations performed in this step.\n  2. The content of the title needs to accurately summarize the content of the **detail**, and not duplicate the content of the **detail**.\n  3. The title must be concise and not lengthy, but don't omit important content.\n\n```json\n[\n  {\n      \""question\"": \""A number indicating the sub-question of the topic\"",\n      \""solution\"": [\n          {\n              \""step\"": \""A number indicating the current step in the solution process\"",\n              \""title\"": \""A summary of the current solution step (See above for more requirements)\"",\n              \""detail\"": \""Specific solution steps, providing the answer at the end of the step. All mathematical formulas and expressions should be presented in LaTeX format, with a \""$\"" symbol added before and after each mathematical formula for clarity and readability.\""\n          }\n      ]\n  },\n  {... Similarly structured data for the next sub-question ...}\n]\n```\n""}, {""role"": ""user"", ""content"": ""## 问题\n\n某机械公司经销一种零件，已知这种零件的成本为每件$$20$$元，调查发现当销售价为$$24$$元时，平均每天能售出$$32$$件，而当销售价每上涨$$2$$元，平均每天就少售出$$4$$件．\\n(1)若公司每天的现售价为$$x$$元时则每天销售量为多少？\\n(2)如果物价部门规定这种零件的销售价不得高于每件$$28$$元，该公司想要每天获得$$150$$元的销售利润，销售价应当为多少元?\n\n## 解析\n\n(1) 由题意，得$$32-\\frac{x-24}{2}\\times 4=80-2x$$．\n\n答：每天的现售价为$$x$$元时则每天销售量为$$\\left( 80-2x \\right)$$件．\n\n(2) 由题意，得\n\n$$\\left( x-20 \\right)\\left( 80-2x \\right)=150$$，\n\n解得：$${{x}_{1}}=25$$，$${{x}_{2}}=35$$．\n\n∵$$x\\leqslant 28$$，\n\n∴$$x=25$$．\n\n答：想要每天获得$$150$$元的销售利润，销售价应当为$$25$$元．\n\n""}, {""role"": ""assistant"", ""content"": ""\n\n<|im_start|>[assistant](#math_action)\n\n```json\n[\n  {\n    \""question\"": \""1\"",\n    \""solution\"": [\n      {\n        \""step\"": \""1\"",\n        \""title\"": \""建立销售价和销售量的关系\"",\n        \""detail\"": \""根据题目描述，销售价每涨$2$元，销售量就会减少$4$件。因此，将销售价与销售量的关系表达出来，得到$32-\\frac{x-24}{2}\\times 4$，化简得到$80-2x$。\""\n      },\n      {\n        \""step\"": \""2\"",\n        \""title\"": \""求解销售量\"",\n        \""detail\"": \""因此，当公司每天的现售价为$x$元时，销售量为$80-2x$件。\""\n      }\n    ]\n  },\n  {\n    \""question\"": \""2\"",\n    \""solution\"": [\n      {\n        \""step\"": \""1\"",\n        \""title\"": \""建立销售利润和销售价的关系\"",\n        \""detail\"": \""根据题目描述，销售利润为销售价减去成本，再乘以销售量，得到的公式为$(x-20)(80-2x)=150$\""\n      },\n      {\n        \""step\"": \""2\"",\n        \""title\"": \""解方程\"",\n        \""detail\"": \""解这个方程，得到两个解，分别为$x_{1}=25$和$x_{2}=35$\""\n      },\n      {\n        \""step\"": \""3\"",\n        \""title\"": \""选择合适的销售价\"",\n        \""detail\"": \""根据题目描述，销售价不得高于$28$元，因此，我们选择$x_{1}=25$为合适的销售价\""\n      }\n    ]\n  }\n]\n```\n\n<|im_end|>\n""}, {""role"": ""user"", ""content"": ""\n        ## 问题\n        一个不透明袋中装有红、黄、绿三种颜色的球共36个，它们除颜色外都相同，其中黄球个数是绿球个数的2倍，已知从袋中摸出一个球是红球的概率为$$ \\frac{1}{3}$$．\n（1）分别求红球和绿球的个数．\n（2）求从袋中随机摸出一球是绿球的概率．\n（3）从袋中拿出4个黄球，将剩余的球搅拌均匀，求从袋中剩余的球中随机摸出一个球是红球的概率．\n\n    \n        ## 解析\n        （1）根据红、黄、白三种颜色球共有的个数乘以红球的概率即可求得红球的个数，设绿球有x个，则黄球有2x个，根据球的总个数列出方程求出x的值即可得；\n（2）用绿球的个数除以总的球数即可；\n（3）先求出从袋中拿出4个黄球还剩的球数，再根据红球的个数，除以还剩的球数即可．\n解：（1）红球个数：36×$$ \\frac{1}{3}$$＝12（个），\n设绿球有x个，则黄球有2x个，\n根据题意，得：x+2x+12＝36，\n解得：x＝8，\n所以红球有12个，绿球有8个．\n（2）从袋中随机摸出一球，共有36种等可能的结果，其中摸出绿球的结果有8种，\n所以从袋中随机摸出一球是绿球的概率为$$ \\frac{8}{36}$$＝$$ \\frac{2}{9}$$；\n（3）拿出4个黄球以后，从袋中随机摸出一球，共有32种等可能的结果，其中摸出红球的结果有12种，\n所以从袋中剩余的球中随机摸出一个球是红球的概率$$ \\frac{12}{32}{=}\\frac{3}{8}$$．\n\n        ""}], ""temperature"": 0, ""max_tokens"": 1024, ""top_p"": 1, ""frequency_penalty"": 0.0, ""presence_penalty"": 0.0}","{
  ""id"": ""chatcmpl-7uIarLeF3mN81mQvpMmLPW7yZ0R7t"",
  ""object"": ""chat.completion"",
  ""created"": 1693652197,
  ""model"": ""gpt-4"",
  ""choices"": [
    {
      ""index"": 0,
      ""message"": {
        ""role"": ""assistant"",
        ""content"": ""```json\n[\n  {\n    \""question\"": \""1\"",\n    \""solution\"": [\n      {\n        \""step\"": \""1\"",\n        \""title\"": \""求红球的个数\"",\n        \""detail\"": \""根据题目描述，红球的概率为$\\\\frac{1}{3}$，总共有36个球，所以红球的个数为$36\\\\times\\\\frac{1}{3}=12$个。\""\n      },\n      {\n        \""step\"": \""2\"",\n        \""title\"": \""设立方程求绿球的个数\"",\n        \""detail\"": \""设绿球有$x$个，那么黄球就有$2x$个。根据题目描述，红球、黄球和绿球的总数为36，所以我们可以设立方程$x+2x+12=36$。\""\n      },\n      {\n        \""step\"": \""3\"",\n        \""title\"": \""解方程求绿球的个数\"",\n        \""detail\"": \""解这个方程，得到$x=8$，所以绿球有8个。\""\n      }\n    ]\n  },\n  {\n    \""question\"": \""2\"",\n    \""solution\"": [\n      {\n        \""step\"": \""1\"",\n        \""title\"": \""求绿球的概率\"",\n        \""detail\"": \""从袋中随机摸出一球，共有36种等可能的结果，其中摸出绿球的结果有8种，所以从袋中随机摸出一球是绿球的概率为$\\\\frac{8}{36}=\\\\frac{2}{9}$。\""\n      }\n    ]\n  },\n  {\n    \""question\"": \""3\"",\n    \""solution\"": [\n      {\n        \""step\"": \""1\"",\n        \""title\"": \""求剩余球的个数\"",\n        \""detail\"": \""从袋中拿出4个黄球以后，剩余的球数为$36-4=32$个。\""\n      },\n      {\n        \""step\"": \""2\"",\n        \""title\"": \""求红球的概率\"",\n        \""detail\"": \""从袋中随机摸出一球，共有32种等可能的结果，其中摸出红球的结果有12种，所以从袋中剩余的球中随机摸出一个球是红球的概率为$\\\\frac{12}{32}=\\\\frac{3}{8}$。\""\n      }\n    ]\n  }\n]\n```""
      },
      ""finish_reason"": ""stop""
    }
  ],
  ""usage"": {
    ""prompt_tokens"": 1982,
    ""completion_tokens"": 577,
    ""total_tokens"": 2559
  }
}
","[{""question"": ""1"", ""solution"": [{""step"": ""1"", ""title"": ""求红球的个数"", ""detail"": ""根据题目描述，红球的概率为$\\frac{1}{3}$，总共有36个球，所以红球的个数为$36\\times\\frac{1}{3}=12$个。""}, {""step"": ""2"", ""title"": ""设立方程求绿球的个数"", ""detail"": ""设绿球有$x$个，那么黄球就有$2x$个。根据题目描述，红球、黄球和绿球的总数为36，所以我们可以设立方程$x+2x+12=36$。""}, {""step"": ""3"", ""title"": ""解方程求绿球的个数"", ""detail"": ""解这个方程，得到$x=8$，所以绿球有8个。""}]}, {""question"": ""2"", ""solution"": [{""step"": ""1"", ""title"": ""求绿球的概率"", ""detail"": ""从袋中随机摸出一球，共有36种等可能的结果，其中摸出绿球的结果有8种，所以从袋中随机摸出一球是绿球的概率为$\\frac{8}{36}=\\frac{2}{9}$。""}]}, {""question"": ""3"", ""solution"": [{""step"": ""1"", ""title"": ""求剩余球的个数"", ""detail"": ""从袋中拿出4个黄球以后，剩余的球数为$36-4=32$个。""}, {""step"": ""2"", ""title"": ""求红球的概率"", ""detail"": ""从袋中随机摸出一球，共有32种等可能的结果，其中摸出红球的结果有12种，所以从袋中剩余的球中随机摸出一个球是红球的概率为$\\frac{12}{32}=\\frac{3}{8}$。""}]}]",成功,v2.0,1,2023/8/30 15:29,2023/9/2 18:57
